DROP DATABASE IF EXISTS bookshop;
CREATE DATABASE bookshop;
USE bookshop;
SET @@allow_auto_random_explicit_insert = true;
--
-- Table structure for table `_prisma_migrations`
--

DROP TABLE IF EXISTS `_prisma_migrations`;
CREATE TABLE `_prisma_migrations` (
  `id` varchar(36) COLLATE utf8mb4_unicode_ci NOT NULL,
  `checksum` varchar(64) COLLATE utf8mb4_unicode_ci NOT NULL,
  `finished_at` datetime(3) DEFAULT NULL,
  `migration_name` varchar(255) COLLATE utf8mb4_unicode_ci NOT NULL,
  `logs` text COLLATE utf8mb4_unicode_ci DEFAULT NULL,
  `rolled_back_at` datetime(3) DEFAULT NULL,
  `started_at` datetime(3) NOT NULL DEFAULT CURRENT_TIMESTAMP(3),
  `applied_steps_count` int(10) unsigned NOT NULL DEFAULT '0',
  PRIMARY KEY (`id`)
) ENGINE = InnoDB DEFAULT CHARSET = utf8mb4 COLLATE = utf8mb4_unicode_ci;
LOCK TABLES `_prisma_migrations` WRITE;
INSERT INTO `_prisma_migrations`
VALUES (
    'ece8e873-0049-4d8f-bd49-9b4572ce570e',
    '578a2ebb59b69eab735de6cb3785cdfff7fbbbe2d155d7803980cf2365aa490a',
    '2023-08-11 19:30:23.735',
    '20220801143955_init',
    NULL,
    NULL,
    '2023-08-11 19:30:11.199',
    1
  );
UNLOCK TABLES;
--
-- Table structure for table `authors`
--

DROP TABLE IF EXISTS `authors`;
CREATE TABLE `authors` (
  `id` bigint(20) AUTO_RANDOM,
  `name` varchar(100) COLLATE utf8mb4_unicode_ci NOT NULL,
  `gender` tinyint(1) DEFAULT NULL,
  `birth_year` smallint(6) DEFAULT NULL,
  `death_year` smallint(6) DEFAULT NULL,
  PRIMARY KEY (`id`)
) ENGINE = InnoDB DEFAULT CHARSET = utf8mb4 COLLATE = utf8mb4_unicode_ci;
LOCK TABLES `authors` WRITE;
INSERT INTO `authors`
VALUES (1, 'Dr. Lindsey Welch II', 0, 1918, NULL),
  (2, 'Maria Waelchi', 0, 1987, NULL),
  (3, 'Minnie Gibson', 0, 1983, NULL),
  (4, 'Erma Kreiger DVM', 1, 1995, NULL),
  (5, 'Miss Jose Von', 0, 1998, NULL),
  (6, 'Shannon Wehner', 0, 1923, NULL),
  (7, 'Micheal Tromp', 1, 1976, NULL),
  (8, 'Lynn Gulgowski', 1, 1948, NULL),
  (9, 'Wm Blick', 0, 1998, NULL),
  (10, 'Miss Dan Hayes', 0, 1922, NULL),
  (11, 'Dianne Ondricka', 0, 1941, NULL),
  (12, 'Santos Jenkins', 1, 1989, NULL),
  (13, 'Leland Jenkins', 0, 1919, NULL),
  (14, 'Alicia Dickinson', 1, 1930, NULL),
  (15, 'Maxine Rath', 1, 1951, NULL),
  (16, 'Raymond Spencer', 1, 1939, NULL),
  (17, 'Carlton Spencer', 1, 1920, NULL),
  (18, 'Mamie Bauch', 0, 1996, NULL),
  (19, 'Dr. Margaret Beahan', 0, 1910, NULL),
  (20, 'Pedro Bailey', 0, 1903, NULL);
UNLOCK TABLES;
DROP TABLE IF EXISTS `book_authors`;
CREATE TABLE `book_authors` (
  `book_id` bigint(20) NOT NULL,
  `author_id` bigint(20) NOT NULL,
  PRIMARY KEY (`book_id`, `author_id`)
) ENGINE = InnoDB DEFAULT CHARSET = utf8mb4 COLLATE = utf8mb4_unicode_ci;
LOCK TABLES `book_authors` WRITE;
INSERT INTO `book_authors`
VALUES (1, 11),
  (2, 7),
  (3, 8),
  (4, 1),
  (5, 2),
  (6, 8),
  (7, 18),
  (8, 5),
  (9, 17),
  (10, 18),
  (11, 2),
  (12, 7),
  (13, 18),
  (14, 13),
  (15, 7),
  (16, 8),
  (17, 12),
  (18, 8),
  (19, 6),
  (20, 13),
  (21, 14),
  (22, 1),
  (23, 14),
  (24, 12),
  (25, 4),
  (26, 2),
  (27, 7),
  (28, 18),
  (29, 15),
  (30, 2),
  (31, 10),
  (32, 14),
  (33, 9),
  (34, 5),
  (35, 11),
  (36, 6),
  (37, 1),
  (38, 13),
  (39, 19),
  (40, 9),
  (41, 4),
  (42, 8),
  (43, 3),
  (44, 11),
  (45, 20),
  (46, 8),
  (47, 3),
  (48, 5),
  (49, 12),
  (50, 5),
  (51, 19),
  (52, 18),
  (53, 14),
  (54, 2),
  (55, 19),
  (56, 19),
  (57, 4),
  (58, 9),
  (59, 15),
  (60, 18),
  (61, 15),
  (62, 2),
  (63, 9),
  (64, 5),
  (65, 12),
  (66, 6),
  (67, 11),
  (68, 12),
  (69, 2),
  (70, 1),
  (71, 2),
  (72, 20),
  (73, 12),
  (74, 13),
  (75, 9),
  (76, 3),
  (77, 10),
  (78, 9),
  (79, 8),
  (80, 15),
  (81, 11),
  (82, 5),
  (83, 8),
  (84, 18),
  (85, 6),
  (86, 11),
  (87, 2),
  (88, 14),
  (89, 15),
  (90, 4),
  (91, 14),
  (92, 13),
  (93, 4),
  (94, 12),
  (95, 15),
  (96, 16),
  (97, 13),
  (98, 16),
  (99, 14),
  (100, 9);
UNLOCK TABLES;
--
-- Table structure for table `books`
--

CREATE PLACEMENT POLICY us_east_1 PRIMARY_REGION = "us-east-1" REGIONS = "us-east-1,us-east-2" FOLLOWERS = 2;
DROP TABLE IF EXISTS `books`;
CREATE TABLE `books` (
  `id` bigint(20) AUTO_RANDOM,
  `title` varchar(100) COLLATE utf8mb4_unicode_ci NOT NULL,
  `type` enum(
    'Magazine',
    'Novel',
    'Life',
    'Arts',
    'Comics',
    'Education & Reference',
    'Humanities & Social Sciences',
    'Science & Technology',
    'Kids',
    'Sports'
  ) COLLATE utf8mb4_unicode_ci NOT NULL,
  `published_at` datetime NOT NULL,
  `stock` int(11) DEFAULT '0',
  `price` decimal(15, 2) DEFAULT '0.0',
  PRIMARY KEY (`id`)
) ENGINE = InnoDB DEFAULT CHARSET = utf8mb4 COLLATE = utf8mb4_unicode_ci PLACEMENT POLICY = us_east_1;
LOCK TABLES `books` WRITE;
INSERT INTO `books`
VALUES (
    1,
    'Greatest Love of All',
    'Education & Reference',
    '2017-02-18 15:38:29',
    16,
    99999.00
  ),
  (
    2,
    'The Power of Love',
    'Novel',
    '2011-07-14 09:28:40',
    2147483645,
    69.02
  ),
  (
    3,
    'Unchained Melody',
    'Science & Technology',
    '2016-05-09 14:53:08',
    66,
    13.00
  ),
  (
    4,
    'Higher Love',
    'Humanities & Social Sciences',
    '2010-06-02 12:08:16',
    12,
    1.00
  ),
  (
    5,
    'Waterfalls',
    'Sports',
    '2022-05-07 09:49:37',
    1,
    159.51
  ),
  (
    6,
    'Say You',
    'Life',
    '2001-03-21 22:50:17',
    2000,
    165.51
  ),
  (
    7,
    'Drop it Like It\'s Hot',
    'Sports',
    '2013-03-18 22:29:34',
    32,
    59.68
  ),
  (
    8,
    'Dilemma',
    'Science & Technology',
    '2013-02-19 10:52:24',
    990,
    197.15
  ),
  (
    9,
    'Wishing Well',
    'Magazine',
    '2012-10-26 16:01:49',
    212121,
    80.87
  ),
  (
    10,
    'Venus',
    'Magazine',
    '2013-08-07 16:57:37',
    1000221,
    174.36
  ),
  (
    11,
    'Use Somebody',
    'Life',
    '2008-12-01 05:05:35',
    3524321,
    116.49
  ),
  (
    12,
    'Just My Imagination (Running Away With Me)',
    'Science & Technology',
    '2021-10-20 04:17:02',
    30000,
    56.56
  ),
  (
    13,
    'Gonna Make You Sweat (Everybody Dance Now)',
    'Kids',
    '2006-10-19 17:43:32',
    456456,
    45.94
  ),
  (
    14,
    'Thrift Shop',
    'Novel',
    '2005-02-06 23:00:56',
    1125,
    180.19
  ),
  (
    15,
    'Faith',
    'Novel',
    '2002-06-22 21:36:06',
    6,
    107.25
  ),
  (
    16,
    'Whole Lotta Shakin\' Goin\' On',
    'Magazine',
    '2001-01-07 02:29:41',
    1009,
    77.77
  ),
  (
    17,
    'Addicted to Love',
    'Education & Reference',
    '2019-09-02 04:26:24',
    4,
    83.80
  ),
  (
    18,
    'Goodbye Yellow Brick Road',
    'Education & Reference',
    '2019-07-06 04:41:57',
    168,
    193.83
  ),
  (
    19,
    'Give Me Everything',
    'Arts',
    '2018-12-14 08:17:23',
    111111,
    73.89
  ),
  (
    20,
    'All Along the Watchtower',
    'Science & Technology',
    '2021-05-23 19:52:42',
    5555555,
    104.12
  ),
  (
    21,
    'Every Breath You Take',
    'Life',
    '2012-10-05 16:42:45',
    4,
    177.81
  ),
  (
    22,
    'Da Doo Ron Ron (When He Walked Me Home)',
    'Life',
    '2012-10-12 18:52:38',
    45,
    87.61
  ),
  (
    23,
    'Chattanoogie Shoe-Shine Boy',
    'Life',
    '2015-08-19 13:54:57',
    1330000,
    89.04
  ),
  (
    24,
    'I\'m So Lonesome I Could Cry',
    'Science & Technology',
    '2016-07-11 08:56:10',
    4981,
    133.59
  ),
  (
    25,
    'Daydream Believer',
    'Science & Technology',
    '2008-08-23 10:28:50',
    2147483647,
    101.02
  ),
  (
    26,
    'Georgia On My Mind',
    'Arts',
    '2020-01-21 14:45:20',
    2146,
    92.42
  ),
  (
    27,
    'Play That Funky Music',
    'Science & Technology',
    '2018-08-02 11:04:36',
    147,
    185.76
  ),
  (
    28,
    'Fortunate Son',
    'Humanities & Social Sciences',
    '2005-04-24 17:07:58',
    171,
    12.51
  ),
  (
    29,
    'Jump',
    'Arts',
    '2018-03-20 16:22:32',
    155,
    87.06
  ),
  (
    30,
    'Sexyback',
    'Life',
    '2001-09-05 04:04:13',
    0,
    12.17
  ),
  (
    31,
    'Can\'t Buy Me Love',
    'Arts',
    '2015-08-07 10:45:17',
    864,
    27.64
  ),
  (
    32,
    'Love Hangover',
    'Science & Technology',
    '2002-06-05 23:18:15',
    9888998,
    106.51
  ),
  (
    33,
    'Groovin\'',
    'Humanities & Social Sciences',
    '2000-03-14 22:01:22',
    0,
    41.97
  ),
  (
    34,
    'Take On Me',
    'Life',
    '2011-02-13 08:29:41',
    181,
    23.42
  ),
  (
    35,
    'Hips don\'t lie',
    'Life',
    '2016-11-11 23:32:50',
    4,
    38.94
  ),
  (
    36,
    'Livin\' La Vida Loca',
    'Life',
    '2009-06-23 20:35:22',
    972,
    47.51
  ),
  (
    37,
    'What Goes Around Comes Around',
    'Kids',
    '2016-09-22 04:33:00',
    1989,
    111.16
  ),
  (
    38,
    '12th Street Rag',
    'Humanities & Social Sciences',
    '2020-11-17 01:32:27',
    184,
    64.27
  ),
  (
    39,
    'The Hustle',
    'Sports',
    '2018-12-09 13:18:06',
    10,
    1.95
  ),
  (
    40,
    '(You Keep Me) Hangin\' On',
    'Humanities & Social Sciences',
    '2005-02-12 05:29:04',
    163,
    32.72
  ),
  (
    41,
    'Build Me Up Buttercup',
    'Science & Technology',
    '2020-03-30 18:36:47',
    30,
    195.32
  ),
  (
    42,
    'He\'s a Rebel',
    'Arts',
    '2016-02-12 23:03:06',
    2147483,
    131.47
  ),
  (
    43,
    '(I\'ve Got a Gal In) Kalamazoo',
    'Sports',
    '2006-05-22 05:19:49',
    231321,
    85.72
  ),
  (
    44,
    'Mood Indigo',
    'Humanities & Social Sciences',
    '2003-03-18 05:31:47',
    78888,
    19.70
  ),
  (
    45,
    'Killing Me Softly With His Song',
    'Magazine',
    '2014-07-03 01:42:14',
    8,
    184.11
  ),
  (
    46,
    'Mrs Robinson',
    'Comics',
    '2020-12-18 06:24:25',
    80000,
    155.36
  ),
  (
    47,
    'Spanish Harlem',
    'Magazine',
    '2002-07-09 11:27:39',
    1799998,
    98.66
  ),
  (
    48,
    'White Christmas',
    'Life',
    '2000-05-22 02:33:53',
    1,
    64.54
  ),
  (
    49,
    'Cry',
    'Science & Technology',
    '2012-12-11 15:31:47',
    141,
    13.20
  ),
  (
    50,
    'Hey There',
    'Kids',
    '2013-04-03 09:39:13',
    1050,
    98.98
  ),
  (
    51,
    'Body & Soul',
    'Humanities & Social Sciences',
    '2001-10-02 02:15:38',
    0,
    90.29
  ),
  (
    52,
    'Green River',
    'Life',
    '2016-01-23 09:04:42',
    31,
    17.64
  ),
  (
    53,
    'Vaya Con Dios (may God Be With You)',
    'Arts',
    '2007-12-03 22:16:55',
    10,
    81.07
  ),
  (
    54,
    'Royals',
    'Life',
    '2023-03-14 20:47:14',
    16,
    68.95
  ),
  (
    55,
    'Unbelievable',
    'Arts',
    '2001-05-11 00:24:41',
    137,
    10.20
  ),
  (
    56,
    'Play That Funky Music',
    'Life',
    '2020-11-30 12:37:17',
    1191545453,
    146.41
  ),
  (
    57,
    'The Way You Move',
    'Magazine',
    '2002-07-17 07:14:00',
    720,
    0.84
  ),
  (
    58,
    'Papa Was a Rolling Stone',
    'Life',
    '2005-10-10 12:04:12',
    100,
    64.73
  ),
  (
    59,
    'Maybellene',
    'Novel',
    '2018-08-17 23:55:13',
    12,
    156.69
  ),
  (
    60,
    'ABC',
    'Education & Reference',
    '2014-04-29 13:25:37',
    11825,
    74.95
  ),
  (
    61,
    'One Bad Apple',
    'Novel',
    '2011-10-03 01:33:46',
    1747,
    191.90
  ),
  (
    62,
    'I Just Called to Say I Love You',
    'Sports',
    '2022-09-13 08:12:18',
    8,
    80.96
  ),
  (
    63,
    'Don\'t Let the Sun Go Down On Me',
    'Education & Reference',
    '2016-11-05 22:44:55',
    61,
    155.21
  ),
  (
    64,
    'Bad Moon Rising',
    'Sports',
    '2003-04-25 12:55:35',
    126,
    4.28
  ),
  (
    65,
    'Summer in the City',
    'Novel',
    '2023-04-29 17:05:33',
    10,
    26.86
  ),
  (
    66,
    'Baby Got Back',
    'Humanities & Social Sciences',
    '2018-02-03 11:19:04',
    243,
    187.49
  ),
  (
    67,
    'School\'s Out',
    'Science & Technology',
    '2021-06-04 22:28:20',
    6,
    109.95
  ),
  (
    68,
    'Stayin\' Alive',
    'Magazine',
    '2018-12-18 05:02:10',
    299,
    63.95
  ),
  (
    69,
    'Tiger Rag',
    'Novel',
    '2017-06-10 02:18:13',
    111,
    157.05
  ),
  (
    70,
    'Someday',
    'Arts',
    '2023-07-16 18:18:00',
    138,
    72.60
  ),
  (
    71,
    'Besame Mucho',
    'Arts',
    '2010-02-11 08:46:41',
    2,
    99.54
  ),
  (
    72,
    'Up Up & Away',
    'Life',
    '2003-01-05 07:48:26',
    144,
    170.99
  ),
  (
    73,
    'Blue Tango',
    'Science & Technology',
    '2006-07-11 08:29:36',
    138,
    94.34
  ),
  (
    74,
    'My Sweet Lord',
    'Sports',
    '2000-09-13 12:50:00',
    567165,
    179.36
  ),
  (
    75,
    'Be My Baby',
    'Comics',
    '2008-02-24 12:26:05',
    335,
    149.85
  ),
  (
    76,
    'You Can\'t Hurry Love',
    'Science & Technology',
    '2022-01-07 07:10:08',
    6,
    187.77
  ),
  (
    77,
    'Moonlight Cocktail',
    'Magazine',
    '2009-01-05 02:20:54',
    999,
    169.77
  ),
  (
    78,
    'Eve of Destruction',
    'Magazine',
    '2022-07-05 13:24:09',
    74,
    108.12
  ),
  (
    79,
    'Instant Karma',
    'Kids',
    '2015-10-04 06:02:08',
    49,
    131.04
  ),
  (
    80,
    'I Got You Babe',
    'Comics',
    '2015-03-23 14:38:26',
    167777,
    94.00
  ),
  (
    81,
    'Leader of the Pack',
    'Kids',
    '2007-03-20 16:22:26',
    1,
    56.32
  ),
  (
    82,
    'Earth Angel',
    'Comics',
    '2010-10-06 13:43:50',
    117,
    194.68
  ),
  (
    83,
    'Moonlight Serenade',
    'Sports',
    '2022-04-06 03:13:43',
    145,
    14.87
  ),
  (
    84,
    'These Boots Are Made For Walking',
    'Arts',
    '2005-12-28 19:11:57',
    60,
    179.88
  ),
  (
    85,
    'Help Me',
    'Humanities & Social Sciences',
    '2014-10-08 14:48:52',
    1612,
    141.97
  ),
  (
    86,
    'Hit the Road',
    'Life',
    '2020-12-01 12:51:28',
    1722,
    19.35
  ),
  (
    87,
    'The Last Dance',
    'Education & Reference',
    '2004-01-07 06:34:50',
    11,
    39.27
  ),
  (
    88,
    '(Let Me Be Your) Teddy Bear',
    'Sports',
    '2003-04-08 08:37:52',
    140,
    22.14
  ),
  (
    89,
    'Use Somebody',
    'Education & Reference',
    '2003-12-10 16:25:09',
    1831,
    70.64
  ),
  (
    90,
    'The Sign',
    'Science & Technology',
    '2010-03-07 06:51:16',
    38,
    138.97
  ),
  (
    91,
    'Sugar Sugar',
    'Education & Reference',
    '2015-06-11 02:18:41',
    1495677,
    23.07
  ),
  (
    92,
    'Wishing Well',
    'Comics',
    '2012-06-14 19:20:08',
    777,
    166.09
  ),
  (
    93,
    'Frenesi',
    'Comics',
    '2014-02-26 19:49:48',
    83,
    171.43
  ),
  (
    94,
    'Ol\' Man River',
    'Sports',
    '2015-06-08 02:20:42',
    7,
    79.55
  ),
  (
    95,
    'I Believe I Can Fly',
    'Science & Technology',
    '2018-03-28 14:50:19',
    288,
    197.48
  ),
  (
    96,
    'Let it Snow! Let it Snow! Let it Snow!',
    'Life',
    '2004-03-28 20:58:00',
    169,
    192.84
  ),
  (
    97,
    'Open Arms',
    'Life',
    '2013-04-14 21:31:25',
    40,
    182.34
  ),
  (
    98,
    'On the Atchison',
    'Comics',
    '2011-10-17 14:47:04',
    852,
    185.59
  ),
  (
    99,
    'Cars',
    'Science & Technology',
    '2009-01-31 08:26:26',
    20,
    75.24
  ),
  (
    100,
    'Till The End of Time',
    'Kids',
    '2000-01-22 10:27:08',
    25,
    109.00
  );
UNLOCK TABLES;
--
-- Table structure for table `orders`
--

DROP TABLE IF EXISTS `orders`;
CREATE TABLE `orders` (
  `id` bigint(20) NOT NULL,
  `book_id` bigint(20) NOT NULL,
  `user_id` bigint(20) NOT NULL,
  `quality` tinyint(4) NOT NULL,
  `ordered_at` datetime NOT NULL DEFAULT CURRENT_TIMESTAMP,
  PRIMARY KEY (`id`),
  KEY `orders_book_id_idx` (`book_id`)
) ENGINE = InnoDB DEFAULT CHARSET = utf8mb4 COLLATE = utf8mb4_unicode_ci;
LOCK TABLES `orders` WRITE;
UNLOCK TABLES;
--
-- Table structure for table `ratings`
--

DROP TABLE IF EXISTS `ratings`;
CREATE TABLE `ratings` (
  `book_id` bigint(20) NOT NULL,
  `user_id` bigint(20) NOT NULL,
  `score` tinyint(4) NOT NULL,
  `rated_at` datetime NOT NULL DEFAULT CURRENT_TIMESTAMP,
  UNIQUE KEY `uniq_book_user_idx` (`book_id`, `user_id`),
  PRIMARY KEY (`book_id`, `user_id`)
) ENGINE = InnoDB DEFAULT CHARSET = utf8mb4 COLLATE = utf8mb4_unicode_ci;
LOCK TABLES `ratings` WRITE;
INSERT INTO `ratings`
VALUES (1, 15, 5, '2024-12-05 00:29:20'),
  (1, 17, 4, '2024-12-09 15:20:36'),
  (2, 3, 3, '2024-12-01 11:22:49'),
  (2, 4, 2, '2024-12-05 09:44:01'),
  (2, 7, 4, '2024-12-09 16:03:48'),
  (2, 13, 5, '2024-12-01 11:22:57'),
  (2, 14, 4, '2024-12-08 18:15:08'),
  (2, 17, 5, '2024-12-04 04:12:11'),
  (2, 18, 4, '2024-11-26 14:30:00'),
  (2, 20, 3, '2024-09-18 09:45:52'),
  (3, 5, 3, '2024-11-27 08:43:33'),
  (3, 13, 4, '2024-10-26 13:56:56'),
  (3, 16, 3, '2024-01-21 08:59:31'),
  (3, 18, 4, '2024-02-02 13:26:03'),
  (3, 20, 4, '2024-09-24 00:29:57'),
  (4, 15, 5, '2024-08-08 01:56:20'),
  (4, 16, 5, '2024-12-02 03:08:46'),
  (4, 17, 3, '2024-09-05 07:23:18'),
  (4, 18, 5, '2024-09-09 08:23:37'),
  (4, 19, 5, '2024-09-06 20:22:22'),
  (4, 20, 5, '2024-08-24 11:09:02'),
  (5, 5, 5, '2024-11-05 11:05:57'),
  (5, 7, 4, '2024-11-05 11:05:48'),
  (5, 15, 4, '2024-09-24 11:20:12'),
  (5, 16, 5, '2024-05-28 08:09:59'),
  (5, 20, 4, '2024-05-28 08:09:48'),
  (6, 3, 4, '2024-11-24 02:42:42'),
  (6, 5, 4, '2024-11-07 13:46:14'),
  (6, 7, 2, '2024-10-21 23:01:30'),
  (6, 11, 5, '2018-01-09 15:44:41'),
  (6, 12, 4, '2024-11-07 13:46:06'),
  (6, 13, 4, '2024-08-22 19:43:02'),
  (6, 16, 3, '2024-04-23 04:03:53'),
  (6, 19, 1, '2024-11-01 03:27:27'),
  (7, 13, 4, '2024-07-26 12:51:58'),
  (7, 17, 4, '2024-09-11 17:58:02'),
  (7, 20, 2, '2024-11-27 15:53:32'),
  (8, 6, 3, '2024-12-06 15:51:21'),
  (8, 17, 5, '2024-10-10 02:56:25'),
  (8, 19, 4, '2024-01-23 13:55:54'),
  (8, 20, 4, '2024-01-14 01:52:59'),
  (9, 17, 5, '2024-09-13 16:44:19'),
  (9, 18, 3, '2024-07-30 10:05:31'),
  (11, 5, 3, '2024-12-04 13:16:24'),
  (11, 6, 4, '2024-09-09 23:55:35'),
  (11, 8, 3, '2024-10-24 07:38:27'),
  (11, 14, 5, '2024-11-01 14:23:00'),
  (11, 15, 5, '2024-11-28 22:35:32'),
  (11, 17, 3, '2016-12-04 07:02:11'),
  (11, 19, 2, '2009-04-30 17:41:14'),
  (12, 9, 4, '2024-02-03 01:20:51'),
  (12, 13, 5, '2023-06-05 05:51:26'),
  (12, 15, 3, '2023-03-22 03:12:20'),
  (12, 17, 1, '2022-05-14 17:19:28'),
  (12, 20, 2, '2023-11-17 13:27:38'),
  (13, 3, 3, '2024-11-18 04:51:45'),
  (13, 16, 2, '2024-11-06 02:40:32'),
  (13, 17, 5, '2024-10-03 10:54:25'),
  (14, 13, 3, '2024-11-27 10:54:23'),
  (14, 18, 4, '2024-11-12 10:57:17'),
  (15, 19, 2, '2024-06-01 18:09:26'),
  (16, 3, 3, '2024-01-01 01:27:42'),
  (16, 4, 4, '2023-12-18 04:46:51'),
  (16, 5, 1, '2023-07-08 12:55:09'),
  (16, 6, 3, '2009-05-02 16:20:09'),
  (16, 11, 5, '2018-10-16 18:54:39'),
  (16, 12, 2, '2019-05-20 20:18:30'),
  (16, 13, 5, '2024-05-01 12:56:00'),
  (16, 15, 5, '2010-04-23 18:49:24'),
  (16, 17, 4, '2008-04-19 16:49:37'),
  (16, 20, 3, '2013-12-16 23:36:23'),
  (17, 13, 5, '2024-09-02 22:56:16'),
  (17, 17, 4, '2021-09-12 05:32:53'),
  (18, 8, 2, '2022-08-23 16:13:39'),
  (18, 9, 4, '2024-05-02 17:07:48'),
  (18, 10, 5, '2021-02-03 08:28:05'),
  (18, 12, 3, '2019-12-02 03:56:47'),
  (18, 13, 2, '2021-04-08 07:33:37'),
  (18, 14, 1, '2020-02-03 06:55:13'),
  (18, 16, 3, '2022-05-28 06:27:19'),
  (18, 18, 4, '2021-04-08 12:51:24'),
  (18, 19, 3, '2021-03-16 08:57:03'),
  (18, 20, 2, '2020-09-26 17:42:46'),
  (19, 7, 4, '2024-12-08 04:19:17'),
  (19, 9, 4, '2024-06-30 16:38:12'),
  (19, 18, 5, '2024-05-19 09:53:28'),
  (19, 19, 5, '2024-06-16 15:27:56'),
  (19, 20, 5, '2023-12-15 06:12:45'),
  (20, 19, 3, '2024-12-04 01:12:22'),
  (20, 20, 2, '2024-02-22 12:08:19'),
  (21, 10, 3, '2024-09-13 06:43:09'),
  (21, 12, 4, '2020-08-29 01:27:41'),
  (21, 15, 4, '2021-12-20 20:41:30'),
  (21, 17, 5, '2024-02-02 20:39:22'),
  (21, 18, 4, '2023-09-06 15:51:51'),
  (22, 4, 5, '2017-08-06 23:28:24'),
  (22, 8, 5, '2022-03-21 18:00:20'),
  (22, 11, 1, '2023-02-23 06:16:39'),
  (22, 12, 1, '2016-05-23 15:34:11'),
  (22, 13, 2, '2017-06-30 20:35:43'),
  (22, 15, 1, '2022-08-20 08:51:47'),
  (22, 16, 2, '2018-12-03 16:13:07'),
  (22, 18, 5, '2016-10-12 05:47:38'),
  (22, 19, 1, '2022-10-29 04:45:54'),
  (23, 3, 3, '2015-09-17 15:11:03'),
  (23, 4, 2, '2020-05-29 17:11:12'),
  (23, 5, 5, '2020-10-03 15:07:05'),
  (23, 6, 5, '2023-07-25 11:30:37'),
  (23, 7, 2, '2019-08-28 23:04:23'),
  (23, 8, 1, '2022-10-27 01:41:50'),
  (23, 10, 5, '2024-10-01 19:57:44'),
  (23, 11, 1, '2015-12-27 19:33:50'),
  (23, 14, 2, '2023-04-21 10:34:36'),
  (23, 15, 1, '2020-04-18 01:16:25'),
  (23, 17, 1, '2018-09-06 19:13:12'),
  (23, 18, 2, '2023-05-14 20:28:32'),
  (23, 19, 4, '2023-09-07 17:56:34'),
  (23, 20, 5, '2018-04-11 16:47:50'),
  (24, 6, 5, '2019-09-08 03:40:15'),
  (24, 8, 4, '2023-07-29 09:02:46'),
  (24, 9, 2, '2023-07-03 14:06:46'),
  (24, 10, 4, '2021-04-15 21:34:39'),
  (24, 11, 1, '2017-04-06 09:09:44'),
  (24, 12, 5, '2023-01-17 08:06:17'),
  (24, 19, 1, '2023-02-04 22:36:22'),
  (25, 2, 4, '2023-12-01 15:28:11'),
  (25, 6, 5, '2024-07-07 14:09:32'),
  (25, 7, 3, '2019-12-12 10:12:21'),
  (25, 8, 5, '2024-05-09 10:06:30'),
  (25, 9, 4, '2014-10-15 08:03:38'),
  (25, 11, 3, '2020-01-20 20:36:52'),
  (25, 12, 2, '2015-06-03 06:59:32'),
  (25, 14, 5, '2024-10-02 14:05:22'),
  (25, 16, 2, '2013-05-08 18:01:09'),
  (26, 5, 5, '2024-10-13 16:42:39'),
  (26, 6, 4, '2024-11-01 09:16:15'),
  (26, 9, 4, '2024-09-17 01:45:01'),
  (26, 12, 5, '2024-04-29 17:54:21'),
  (26, 13, 4, '2024-02-10 18:26:39'),
  (26, 15, 2, '2023-12-31 02:01:26'),
  (26, 16, 2, '2024-09-17 01:45:51'),
  (26, 20, 4, '2024-09-20 01:55:33'),
  (27, 4, 4, '2020-01-16 05:26:23'),
  (27, 5, 1, '2019-09-03 00:16:46'),
  (27, 6, 2, '2020-12-19 05:16:29'),
  (27, 7, 5, '2022-03-27 02:15:44'),
  (27, 8, 4, '2021-04-14 02:33:47'),
  (27, 9, 5, '2021-06-12 23:41:01'),
  (27, 10, 5, '2022-11-16 18:08:41'),
  (27, 11, 5, '2022-11-30 19:12:38'),
  (27, 12, 2, '2022-11-04 05:11:02'),
  (27, 13, 4, '2019-05-14 03:36:41'),
  (27, 14, 3, '2019-10-06 03:54:37'),
  (27, 15, 4, '2022-02-10 18:19:05'),
  (27, 19, 1, '2021-05-22 12:57:01'),
  (28, 9, 1, '2021-09-23 03:49:12'),
  (28, 18, 3, '2018-02-11 14:57:00'),
  (28, 20, 3, '2005-12-25 23:31:34'),
  (29, 1, 1, '2024-05-06 01:21:16'),
  (29, 10, 4, '2023-01-21 12:27:58'),
  (29, 12, 4, '2020-01-23 19:07:06'),
  (29, 13, 4, '2020-12-10 23:03:52'),
  (29, 15, 1, '2023-07-12 16:28:14'),
  (29, 18, 4, '2024-11-29 15:46:26'),
  (29, 19, 5, '2018-09-22 17:19:10'),
  (29, 20, 3, '2019-03-18 03:49:56'),
  (30, 4, 3, '2005-10-22 21:11:09'),
  (30, 5, 2, '2017-10-25 15:48:33'),
  (30, 7, 2, '2018-11-04 18:39:19'),
  (30, 8, 2, '2019-04-28 18:04:22'),
  (30, 9, 2, '2020-08-18 20:15:37'),
  (30, 10, 1, '2019-08-28 06:33:03'),
  (30, 11, 3, '2011-10-08 11:40:47'),
  (30, 12, 4, '2023-09-24 22:19:05'),
  (30, 13, 1, '2021-07-14 17:25:21'),
  (30, 15, 4, '2008-10-27 23:08:10'),
  (30, 18, 3, '2004-03-21 21:10:33'),
  (31, 1, 5, '2024-08-14 12:54:58'),
  (31, 5, 3, '2024-08-14 12:55:08'),
  (31, 6, 3, '2017-01-08 01:45:59'),
  (31, 7, 4, '2021-06-22 01:31:39'),
  (31, 8, 1, '2016-07-23 04:20:36'),
  (31, 9, 2, '2016-06-12 05:13:22'),
  (31, 10, 5, '2022-07-31 08:28:52'),
  (31, 11, 4, '2021-10-21 23:52:50'),
  (31, 14, 4, '2024-09-26 12:52:58'),
  (31, 15, 4, '2023-09-28 22:39:38'),
  (31, 16, 1, '2019-05-26 14:28:59'),
  (31, 17, 3, '2020-02-19 10:05:20'),
  (31, 20, 3, '2016-08-21 09:52:14'),
  (32, 3, 5, '2023-11-18 19:23:14'),
  (32, 5, 5, '2005-12-05 20:26:07'),
  (32, 6, 2, '2024-03-22 13:16:55'),
  (32, 7, 5, '2003-01-25 15:03:14'),
  (32, 8, 5, '2014-10-12 10:25:44'),
  (32, 10, 2, '2013-04-03 15:04:18'),
  (32, 13, 3, '2019-06-13 08:11:27'),
  (32, 14, 1, '2010-03-02 23:31:48'),
  (32, 15, 5, '2008-03-02 04:53:33'),
  (32, 16, 1, '2009-06-30 09:21:30'),
  (32, 17, 5, '2020-01-27 03:04:05'),
  (32, 18, 3, '2014-03-11 08:43:03'),
  (32, 19, 1, '2015-12-21 05:46:06'),
  (33, 2, 1, '2020-03-02 05:41:43'),
  (33, 3, 1, '2005-01-27 05:11:55'),
  (33, 4, 1, '2011-07-29 13:01:54'),
  (33, 8, 4, '2012-05-10 07:49:48'),
  (33, 9, 1, '2004-05-11 18:12:13'),
  (33, 10, 5, '2008-03-09 00:54:31'),
  (33, 12, 2, '2015-03-23 15:35:17'),
  (33, 13, 3, '2013-06-08 11:48:01'),
  (33, 17, 3, '2005-05-20 23:37:42'),
  (33, 20, 1, '2023-06-07 18:13:58'),
  (34, 7, 5, '2024-02-21 13:37:50'),
  (34, 8, 5, '2019-03-08 07:06:50'),
  (34, 9, 5, '2018-09-23 14:53:01'),
  (34, 10, 3, '2023-04-15 22:22:35'),
  (34, 12, 1, '2018-02-16 16:11:52'),
  (34, 13, 1, '2021-05-14 00:46:37'),
  (34, 15, 4, '2012-06-05 05:40:58'),
  (34, 16, 2, '2019-01-03 04:51:42'),
  (34, 18, 5, '2013-06-21 18:18:27'),
  (34, 19, 2, '2012-04-26 17:58:02'),
  (34, 20, 4, '2018-04-16 20:55:55'),
  (35, 4, 3, '2017-05-05 03:22:56'),
  (35, 6, 1, '2021-07-30 14:33:07'),
  (35, 8, 3, '2021-12-23 17:04:46'),
  (35, 13, 4, '2017-08-12 01:36:50'),
  (35, 16, 2, '2017-02-13 12:36:37'),
  (35, 17, 4, '2019-12-11 02:44:40'),
  (35, 18, 4, '2024-10-02 15:10:21'),
  (35, 19, 1, '2017-10-27 08:33:02'),
  (36, 3, 2, '2016-03-23 04:11:55'),
  (36, 4, 4, '2013-01-22 00:02:12'),
  (36, 5, 1, '2020-11-21 02:03:09'),
  (36, 6, 3, '2019-01-29 00:52:45'),
  (36, 7, 2, '2016-05-27 17:07:55'),
  (36, 8, 5, '2021-11-11 16:06:22'),
  (36, 9, 1, '2019-10-17 14:55:09'),
  (36, 10, 2, '2020-08-13 06:33:56'),
  (36, 13, 2, '2010-03-26 12:48:57'),
  (36, 14, 3, '2013-05-04 14:50:27'),
  (36, 15, 4, '2019-10-10 20:46:49'),
  (36, 16, 4, '2022-06-12 00:44:16'),
  (36, 19, 4, '2012-05-16 05:25:21'),
  (36, 20, 4, '2022-11-01 12:45:18'),
  (37, 11, 3, '2024-04-14 10:26:45'),
  (37, 13, 3, '2024-11-29 08:04:22'),
  (37, 14, 4, '2024-07-16 07:24:27'),
  (37, 20, 4, '2024-07-04 15:55:31'),
  (38, 17, 3, '2023-01-31 23:06:37'),
  (38, 20, 4, '2024-09-12 02:36:03'),
  (39, 5, 5, '2024-07-13 22:06:29'),
  (39, 11, 3, '2018-12-13 00:49:02'),
  (39, 13, 5, '2024-07-31 07:16:35'),
  (39, 14, 2, '2023-01-28 10:02:15'),
  (39, 15, 5, '2024-07-13 22:06:36'),
  (39, 19, 4, '2020-08-19 18:27:17'),
  (39, 20, 4, '2022-12-04 12:25:09'),
  (40, 1, 5, '2024-04-28 18:36:00'),
  (40, 5, 5, '2010-03-05 22:52:15'),
  (40, 6, 3, '2013-10-19 02:57:15'),
  (40, 8, 2, '2009-03-17 10:28:19'),
  (40, 9, 1, '2021-03-25 02:37:05'),
  (40, 10, 2, '2019-04-20 06:38:24'),
  (40, 11, 2, '2011-01-21 22:02:59'),
  (40, 12, 1, '2023-01-14 19:31:06'),
  (40, 13, 2, '2018-11-03 20:44:53'),
  (40, 14, 4, '2008-08-27 07:52:10'),
  (40, 16, 3, '2012-10-28 16:40:23'),
  (40, 17, 1, '2021-03-07 22:04:57'),
  (40, 18, 3, '2016-12-27 18:23:30'),
  (40, 19, 3, '2015-02-12 00:27:13'),
  (41, 3, 5, '2023-12-08 04:11:09'),
  (41, 13, 5, '2023-09-09 08:00:32'),
  (41, 16, 5, '2021-07-18 05:19:35'),
  (41, 17, 4, '2023-03-07 00:12:07'),
  (41, 18, 4, '2022-06-26 09:59:57'),
  (41, 19, 3, '2020-11-13 09:44:20'),
  (41, 20, 3, '2023-07-01 22:13:40'),
  (42, 4, 2, '2020-09-12 18:02:03'),
  (42, 5, 3, '2023-09-19 05:47:14'),
  (42, 7, 5, '2020-03-26 14:08:09'),
  (42, 9, 3, '2023-02-28 16:59:11'),
  (42, 11, 4, '2023-03-29 00:48:04'),
  (42, 12, 1, '2023-10-23 14:51:21'),
  (42, 13, 5, '2019-11-10 02:12:41'),
  (42, 15, 4, '2018-06-09 11:28:10'),
  (42, 16, 5, '2019-10-23 18:30:02'),
  (42, 18, 4, '2022-09-13 16:46:13'),
  (42, 19, 2, '2016-10-19 10:15:56'),
  (43, 13, 1, '2009-01-02 14:23:03'),
  (43, 16, 2, '2014-07-18 09:15:21'),
  (43, 19, 4, '2010-09-07 07:13:53'),
  (43, 20, 4, '2017-09-29 19:41:54'),
  (44, 17, 1, '2024-02-02 08:24:09'),
  (44, 20, 1, '2018-03-05 14:59:32'),
  (45, 3, 1, '2020-06-15 19:29:47'),
  (45, 8, 5, '2024-02-13 18:00:37'),
  (45, 9, 5, '2023-04-30 03:21:27'),
  (45, 10, 4, '2024-05-15 08:14:52'),
  (45, 13, 4, '2021-11-14 15:09:48'),
  (45, 14, 2, '2017-02-02 02:54:44'),
  (45, 15, 3, '2015-04-21 18:00:10'),
  (45, 17, 1, '2017-04-01 10:07:01'),
  (46, 4, 5, '2024-10-08 21:22:21'),
  (46, 12, 4, '2023-09-12 00:41:09'),
  (46, 14, 5, '2021-01-01 09:53:31'),
  (46, 15, 5, '2023-05-16 09:15:21'),
  (46, 16, 2, '2021-10-18 23:51:36'),
  (46, 19, 5, '2021-05-24 14:23:41'),
  (47, 4, 1, '2024-05-27 21:49:51'),
  (47, 5, 5, '2011-08-26 03:18:50'),
  (47, 6, 3, '2004-09-07 19:43:45'),
  (47, 7, 5, '2019-04-20 01:46:43'),
  (47, 8, 5, '2012-08-18 13:11:32'),
  (47, 13, 4, '2014-08-10 11:39:14'),
  (47, 15, 2, '2005-05-22 21:38:23'),
  (47, 16, 4, '2024-09-22 17:32:14'),
  (48, 2, 4, '2009-01-24 13:56:43'),
  (48, 4, 5, '2012-10-08 18:41:59'),
  (48, 5, 2, '2001-12-29 22:19:11'),
  (48, 6, 2, '2016-12-29 14:07:13'),
  (48, 7, 3, '2007-07-24 08:17:26'),
  (48, 8, 3, '2000-10-05 08:20:31'),
  (48, 9, 3, '2008-06-01 14:12:08'),
  (48, 10, 4, '2014-03-20 20:10:22'),
  (48, 13, 1, '2017-04-05 14:22:04'),
  (48, 14, 1, '2000-09-30 15:30:15'),
  (48, 15, 1, '2015-07-22 17:29:05'),
  (48, 17, 3, '2002-04-19 11:31:25'),
  (48, 18, 1, '2006-01-24 22:53:09'),
  (48, 19, 1, '2022-08-23 07:06:54'),
  (48, 20, 4, '2020-05-30 01:20:36'),
  (49, 4, 5, '2014-08-30 02:05:24'),
  (49, 5, 4, '2015-07-02 04:54:41'),
  (49, 6, 2, '2013-02-16 12:31:47'),
  (49, 7, 1, '2023-06-22 12:14:30'),
  (49, 8, 1, '2015-06-20 08:50:11'),
  (49, 9, 1, '2013-07-21 11:05:17'),
  (49, 10, 1, '2019-08-12 11:34:21'),
  (49, 11, 1, '2022-03-27 03:59:23'),
  (49, 12, 4, '2020-07-30 04:14:20'),
  (49, 13, 2, '2014-07-04 08:47:43'),
  (49, 15, 5, '2018-10-30 23:16:48'),
  (49, 16, 1, '2023-03-13 16:20:54'),
  (49, 18, 1, '2023-01-29 19:45:23'),
  (49, 20, 1, '2019-08-30 15:17:48'),
  (50, 6, 5, '2014-03-25 15:00:01'),
  (50, 7, 5, '2023-11-14 18:29:33'),
  (50, 9, 2, '2019-02-06 20:10:44'),
  (50, 11, 5, '2016-08-17 04:55:18'),
  (50, 12, 1, '2018-10-26 23:26:38'),
  (50, 14, 4, '2013-07-04 04:42:51'),
  (50, 15, 1, '2023-06-04 16:19:19'),
  (50, 16, 1, '2013-09-20 19:10:10'),
  (50, 17, 5, '2017-01-18 21:53:11'),
  (50, 18, 5, '2023-11-23 10:23:42'),
  (50, 19, 2, '2019-03-25 08:05:52'),
  (51, 2, 5, '2014-12-14 17:18:48'),
  (51, 3, 4, '2010-12-09 09:18:34'),
  (51, 4, 2, '2007-12-05 14:09:31'),
  (51, 6, 5, '2017-09-13 02:02:51'),
  (51, 7, 4, '2015-02-28 22:55:39'),
  (51, 10, 2, '2003-12-24 09:56:06'),
  (51, 13, 4, '2013-04-29 12:58:42'),
  (51, 15, 2, '2012-10-27 04:38:20'),
  (51, 16, 4, '2012-09-09 00:52:43'),
  (51, 18, 2, '2004-06-24 23:04:53'),
  (52, 11, 4, '2018-10-24 14:31:58'),
  (52, 14, 1, '2021-01-03 13:59:17'),
  (52, 15, 1, '2018-04-24 17:17:51'),
  (52, 19, 4, '2019-02-15 03:16:59'),
  (53, 4, 4, '2024-02-26 20:31:08'),
  (53, 13, 3, '2023-09-12 11:36:09'),
  (53, 15, 4, '2014-02-21 14:46:00'),
  (53, 16, 2, '2013-07-20 14:02:13'),
  (54, 2, 2, '2023-07-24 10:06:54'),
  (54, 4, 3, '2023-04-11 09:35:30'),
  (54, 5, 3, '2023-05-13 05:11:36'),
  (54, 8, 5, '2023-06-06 01:22:27'),
  (54, 9, 3, '2023-06-04 02:37:45'),
  (54, 10, 5, '2023-06-12 23:33:56'),
  (54, 13, 1, '2023-08-11 15:42:06'),
  (54, 16, 4, '2023-06-25 00:48:38'),
  (54, 19, 5, '2023-05-21 11:47:10'),
  (54, 20, 4, '2023-05-24 09:57:48'),
  (55, 17, 3, '2006-09-07 22:31:01'),
  (55, 18, 4, '2008-01-25 21:41:52'),
  (56, 14, 5, '2023-05-23 18:41:55'),
  (56, 16, 5, '2022-01-20 14:28:45'),
  (56, 17, 5, '2021-06-03 21:23:27'),
  (56, 18, 3, '2024-07-25 12:31:17'),
  (56, 20, 5, '2023-07-11 08:11:14'),
  (57, 7, 5, '2024-04-09 03:30:05'),
  (57, 11, 3, '2024-07-31 04:34:16'),
  (57, 15, 4, '2014-07-13 22:39:18'),
  (57, 16, 2, '2014-04-27 20:11:03'),
  (57, 19, 3, '2016-04-19 04:25:47'),
  (58, 4, 3, '2012-06-29 19:40:09'),
  (58, 8, 5, '2008-11-08 07:25:53'),
  (58, 9, 2, '2007-03-19 02:54:53'),
  (58, 10, 2, '2008-05-24 17:35:41'),
  (58, 11, 5, '2014-11-02 15:55:37'),
  (58, 13, 3, '2019-11-14 22:22:43'),
  (58, 14, 2, '2015-01-21 04:57:31'),
  (58, 15, 2, '2022-11-08 07:32:58'),
  (58, 16, 4, '2014-12-08 17:02:57'),
  (58, 18, 1, '2011-09-24 12:14:50'),
  (58, 19, 2, '2018-01-06 03:46:50'),
  (58, 20, 3, '2009-08-29 20:57:16'),
  (59, 1, 5, '2024-06-06 10:17:56'),
  (59, 12, 2, '2019-12-03 19:35:16'),
  (59, 13, 4, '2024-06-06 10:18:11'),
  (59, 14, 1, '2022-05-05 12:05:08'),
  (59, 18, 2, '2022-02-08 17:04:06'),
  (60, 5, 5, '2020-12-17 20:28:47'),
  (60, 8, 1, '2017-10-30 19:50:30'),
  (60, 9, 3, '2018-07-19 06:12:59'),
  (60, 10, 1, '2019-08-01 10:05:26'),
  (60, 11, 5, '2017-12-19 02:00:47'),
  (60, 12, 3, '2022-09-19 03:03:46'),
  (60, 16, 5, '2019-10-08 11:50:33'),
  (60, 17, 4, '2021-04-19 21:05:38'),
  (60, 18, 3, '2022-09-01 18:09:05'),
  (60, 20, 5, '2015-06-29 14:02:23'),
  (61, 7, 1, '2013-07-17 10:59:23'),
  (61, 9, 3, '2024-02-26 08:30:11'),
  (61, 10, 1, '2017-01-18 10:45:52'),
  (61, 12, 4, '2024-05-10 18:27:31'),
  (61, 13, 3, '2016-03-23 02:54:59'),
  (61, 15, 1, '2013-06-18 18:26:57'),
  (61, 16, 5, '2024-05-10 18:27:45'),
  (61, 17, 1, '2022-06-22 01:23:14'),
  (61, 18, 1, '2021-03-25 00:24:25'),
  (62, 5, 0, '2024-03-01 20:15:12'),
  (62, 8, 1, '2023-05-12 03:52:14'),
  (62, 10, 2, '2023-01-13 14:34:40'),
  (62, 12, 2, '2023-02-10 16:29:01'),
  (62, 13, 3, '2023-08-24 14:40:36'),
  (62, 16, 4, '2023-05-30 10:27:49'),
  (62, 17, 1, '2023-01-13 19:01:02'),
  (62, 19, 5, '2023-06-24 01:55:17'),
  (62, 20, 4, '2023-05-15 04:54:20'),
  (63, 2, 4, '2020-09-10 23:32:47'),
  (63, 3, 5, '2019-01-07 21:35:58'),
  (63, 4, 2, '2021-09-09 19:19:17'),
  (63, 5, 1, '2020-04-18 14:09:18'),
  (63, 6, 4, '2023-01-30 05:53:56'),
  (63, 11, 2, '2017-01-14 06:25:46'),
  (63, 13, 5, '2021-06-18 03:05:39'),
  (63, 14, 2, '2020-05-17 09:38:10'),
  (63, 15, 3, '2018-03-13 20:20:43'),
  (63, 16, 4, '2020-10-28 12:54:50'),
  (63, 18, 2, '2017-02-25 07:32:12'),
  (63, 19, 5, '2020-04-06 16:47:07'),
  (63, 20, 3, '2017-02-15 09:03:04'),
  (64, 2, 3, '2024-08-22 14:14:44'),
  (64, 7, 3, '2024-10-24 09:48:54'),
  (64, 8, 3, '2004-03-22 12:19:15'),
  (64, 10, 2, '2005-08-16 18:28:57'),
  (64, 13, 3, '2018-11-12 02:33:16'),
  (64, 15, 4, '2024-03-03 16:40:06'),
  (64, 16, 4, '2015-05-08 16:55:13'),
  (64, 18, 2, '2004-05-22 02:20:46'),
  (64, 19, 4, '2007-12-07 05:24:48'),
  (64, 20, 4, '2011-10-03 11:59:08'),
  (65, 7, 4, '2023-07-17 03:08:40'),
  (65, 8, 2, '2023-05-16 20:12:33'),
  (65, 10, 3, '2023-06-14 12:54:13'),
  (65, 13, 5, '2023-06-16 07:26:57'),
  (65, 15, 5, '2024-04-15 07:34:19'),
  (65, 17, 3, '2023-06-18 23:32:58'),
  (65, 18, 3, '2023-07-21 05:52:49'),
  (65, 19, 2, '2023-08-09 10:30:19'),
  (66, 2, 4, '2018-10-19 18:20:37'),
  (66, 4, 1, '2020-03-05 02:43:01'),
  (66, 5, 5, '2018-11-22 19:43:11'),
  (66, 7, 4, '2020-06-06 21:37:50'),
  (66, 8, 5, '2020-06-03 09:52:01'),
  (66, 10, 2, '2018-07-03 05:38:51'),
  (66, 12, 2, '2020-11-14 19:49:48'),
  (66, 13, 3, '2021-06-26 10:04:16'),
  (66, 14, 1, '2019-02-04 23:19:13'),
  (66, 15, 5, '2018-12-22 19:31:05'),
  (66, 16, 4, '2019-02-27 03:47:16'),
  (66, 18, 3, '2019-05-08 02:40:26'),
  (66, 19, 1, '2019-10-05 02:46:22'),
  (67, 1, 2, '2024-01-08 08:22:55'),
  (67, 2, 1, '2023-07-09 19:18:49'),
  (67, 5, 1, '2022-04-29 04:20:47'),
  (67, 8, 5, '2022-07-27 23:24:01'),
  (67, 9, 3, '2022-07-14 01:13:44'),
  (67, 10, 2, '2023-01-11 20:12:19'),
  (67, 12, 1, '2022-09-11 07:11:47'),
  (67, 16, 1, '2022-02-18 19:25:23'),
  (67, 17, 4, '2023-07-06 01:50:35'),
  (67, 18, 4, '2021-09-06 12:28:55'),
  (67, 19, 2, '2023-05-16 07:32:08'),
  (67, 20, 2, '2021-06-22 23:44:19'),
  (68, 5, 4, '2020-02-29 15:17:55'),
  (68, 10, 4, '2021-10-20 19:54:10'),
  (68, 11, 3, '2019-12-25 23:29:55'),
  (68, 12, 5, '2021-06-13 15:24:11'),
  (68, 17, 4, '2023-06-10 12:06:29'),
  (68, 19, 5, '2024-01-21 12:56:44'),
  (68, 20, 2, '2020-08-03 03:14:38'),
  (69, 4, 3, '2021-09-19 03:37:43'),
  (69, 5, 3, '2021-04-16 11:20:18'),
  (69, 6, 2, '2019-03-29 05:42:08'),
  (69, 8, 1, '2022-04-02 10:50:37'),
  (69, 11, 1, '2023-03-02 12:13:26'),
  (69, 14, 5, '2022-05-16 16:45:40'),
  (69, 15, 5, '2019-01-13 02:02:04'),
  (69, 16, 3, '2021-03-05 18:31:41'),
  (69, 17, 1, '2022-09-02 21:46:44'),
  (69, 18, 3, '2017-10-07 05:49:28'),
  (69, 19, 2, '2020-05-10 02:33:07'),
  (70, 5, 3, '2023-08-05 22:44:28'),
  (70, 8, 4, '2023-11-09 01:32:56'),
  (70, 9, 5, '2023-07-18 21:13:57'),
  (70, 10, 1, '2023-07-19 20:25:34'),
  (70, 11, 4, '2023-08-10 00:20:53'),
  (70, 13, 3, '2023-07-17 11:16:10'),
  (70, 14, 1, '2023-07-31 21:08:51'),
  (70, 15, 5, '2023-07-21 08:27:52'),
  (70, 16, 4, '2023-07-26 18:14:03'),
  (70, 18, 4, '2023-07-23 23:18:17'),
  (70, 20, 5, '2023-08-08 20:58:00'),
  (71, 2, 2, '2022-09-21 07:30:40'),
  (71, 3, 4, '2012-03-12 07:32:52'),
  (71, 4, 2, '2010-11-10 23:54:27'),
  (71, 5, 5, '2021-09-23 22:59:23'),
  (71, 6, 5, '2012-11-13 13:33:53'),
  (71, 7, 2, '2012-09-21 08:51:03'),
  (71, 8, 5, '2011-02-19 07:19:20'),
  (71, 11, 3, '2019-07-25 01:19:59'),
  (71, 13, 5, '2014-08-15 14:01:52'),
  (71, 15, 1, '2020-01-09 23:26:23'),
  (71, 17, 4, '2021-05-16 23:32:28'),
  (71, 18, 5, '2011-11-10 03:00:49'),
  (72, 2, 1, '2020-04-23 03:19:35'),
  (72, 5, 4, '2007-10-21 14:37:35'),
  (72, 6, 3, '2018-08-28 13:17:02'),
  (72, 7, 3, '2017-08-31 14:35:01'),
  (72, 8, 4, '2018-10-19 14:36:59'),
  (72, 9, 4, '2007-06-07 06:14:00'),
  (72, 11, 5, '2006-07-21 00:52:44'),
  (72, 12, 3, '2021-11-23 10:27:50'),
  (72, 13, 2, '2007-08-04 06:01:49'),
  (72, 15, 3, '2013-02-15 15:19:46'),
  (72, 16, 5, '2020-10-30 21:21:31'),
  (72, 17, 3, '2015-10-23 17:52:44'),
  (72, 18, 3, '2019-07-31 08:43:43'),
  (73, 3, 4, '2014-11-02 01:59:24'),
  (73, 4, 5, '2013-09-20 03:13:10'),
  (73, 6, 3, '2022-08-31 23:52:15'),
  (73, 7, 1, '2019-07-06 20:56:01'),
  (73, 10, 1, '2010-05-22 02:01:54'),
  (73, 11, 2, '2022-01-28 19:02:46'),
  (73, 12, 4, '2013-06-01 14:03:13'),
  (73, 13, 1, '2016-07-13 00:31:53'),
  (73, 14, 3, '2013-09-10 23:17:29'),
  (73, 15, 5, '2019-04-10 00:36:24'),
  (73, 16, 4, '2007-11-04 21:49:32'),
  (73, 19, 2, '2021-11-13 15:37:23'),
  (73, 20, 2, '2019-10-07 13:36:33'),
  (74, 2, 3, '2024-02-28 14:58:39'),
  (74, 3, 4, '2023-10-30 17:26:19'),
  (74, 5, 4, '2001-03-21 11:38:37'),
  (74, 6, 5, '2021-07-26 01:29:37'),
  (74, 7, 5, '2000-10-21 00:48:30'),
  (74, 8, 5, '2023-03-27 11:36:21'),
  (74, 9, 2, '2021-05-22 06:11:22'),
  (74, 10, 4, '2006-02-27 15:35:06'),
  (74, 12, 1, '2008-01-19 23:11:08'),
  (74, 14, 5, '2016-07-07 19:17:58'),
  (74, 15, 2, '2011-11-18 00:18:09'),
  (74, 17, 4, '2014-03-10 07:31:31'),
  (74, 18, 5, '2007-10-05 00:04:08'),
  (74, 20, 5, '2024-04-25 08:00:05'),
  (75, 14, 4, '2024-11-25 09:17:20'),
  (75, 15, 5, '2024-11-25 09:18:12'),
  (75, 17, 5, '2021-08-02 06:26:13'),
  (75, 20, 2, '2024-09-04 12:22:11'),
  (76, 1, 4, '2023-09-12 22:05:14'),
  (76, 2, 2, '2022-06-02 12:10:20'),
  (76, 3, 1, '2022-05-02 04:38:16'),
  (76, 4, 3, '2022-01-07 07:10:08'),
  (76, 6, 5, '2023-05-02 13:16:50'),
  (76, 9, 5, '2022-05-15 07:15:23'),
  (76, 11, 1, '2022-12-21 22:56:35'),
  (76, 12, 2, '2022-08-05 21:35:29'),
  (76, 15, 1, '2022-09-24 12:46:57'),
  (76, 16, 5, '2022-11-04 07:33:11'),
  (76, 17, 4, '2023-03-15 07:16:06'),
  (76, 18, 2, '2022-11-15 21:57:37'),
  (76, 20, 1, '2022-06-01 12:04:36'),
  (77, 5, 5, '2024-02-28 02:52:53'),
  (77, 11, 1, '2019-02-01 21:34:06'),
  (77, 13, 2, '2019-04-23 03:43:00'),
  (77, 15, 3, '2014-12-20 22:30:46'),
  (77, 16, 3, '2022-12-16 17:21:32'),
  (77, 18, 4, '2024-01-09 16:11:41'),
  (77, 19, 1, '2022-10-04 14:47:18'),
  (78, 2, 5, '2023-02-03 19:16:39'),
  (78, 3, 2, '2023-04-08 10:37:00'),
  (78, 6, 4, '2022-10-09 06:01:03'),
  (78, 7, 4, '2022-11-29 04:52:48'),
  (78, 11, 5, '2022-09-05 06:44:13'),
  (78, 12, 1, '2022-07-11 10:41:09'),
  (78, 13, 2, '2022-12-07 23:23:38'),
  (78, 14, 1, '2022-08-17 01:29:26'),
  (78, 16, 1, '2022-10-01 08:55:52'),
  (78, 17, 3, '2022-08-08 22:02:20'),
  (78, 18, 2, '2022-08-10 21:58:11'),
  (78, 20, 5, '2022-09-27 06:28:14'),
  (79, 4, 4, '2024-04-02 08:55:58'),
  (79, 6, 3, '2019-08-03 15:37:45'),
  (79, 7, 5, '2019-06-06 20:46:12'),
  (79, 8, 5, '2021-10-18 00:17:51'),
  (79, 9, 1, '2016-05-30 12:38:27'),
  (79, 14, 2, '2022-04-25 07:31:13'),
  (79, 15, 4, '2022-12-01 21:18:08'),
  (79, 16, 2, '2017-08-27 06:32:48'),
  (79, 18, 1, '2018-11-08 02:50:35'),
  (79, 20, 4, '2019-09-08 15:49:09'),
  (80, 5, 5, '2023-11-03 00:04:05'),
  (80, 9, 2, '2015-08-08 17:06:27'),
  (80, 10, 3, '2023-02-11 09:39:30'),
  (80, 11, 3, '2020-09-11 07:23:58'),
  (80, 12, 4, '2024-05-28 08:08:24'),
  (80, 14, 5, '2016-04-23 18:55:58'),
  (80, 16, 4, '2024-12-05 15:45:26'),
  (80, 17, 3, '2024-03-06 17:30:32'),
  (80, 18, 5, '2020-06-14 16:27:40'),
  (80, 19, 5, '2019-08-24 10:04:03'),
  (81, 11, 3, '2015-11-09 02:53:09'),
  (81, 13, 3, '2014-06-29 11:01:19'),
  (81, 14, 4, '2012-01-01 13:32:28'),
  (81, 17, 1, '2010-02-25 07:05:50'),
  (81, 18, 2, '2015-10-19 14:28:46'),
  (81, 19, 3, '2018-02-12 12:34:35'),
  (81, 20, 4, '2024-09-23 12:59:33'),
  (82, 2, 3, '2020-05-21 11:47:11'),
  (82, 3, 5, '2019-12-18 01:22:28'),
  (82, 4, 2, '2022-04-04 11:12:05'),
  (82, 5, 4, '2019-06-22 03:45:10'),
  (82, 6, 4, '2019-04-13 05:12:38'),
  (82, 9, 2, '2011-10-06 21:53:00'),
  (82, 12, 5, '2023-03-02 23:05:10'),
  (82, 13, 4, '2010-12-12 04:59:30'),
  (82, 15, 1, '2012-04-07 04:28:53'),
  (82, 17, 2, '2014-08-13 05:45:14'),
  (82, 18, 1, '2020-09-11 10:33:30'),
  (82, 19, 1, '2022-12-19 10:54:32'),
  (82, 20, 1, '2012-01-03 05:38:46'),
  (83, 2, 2, '2023-03-18 04:45:35'),
  (83, 4, 2, '2023-04-21 15:45:26'),
  (83, 7, 5, '2022-10-12 14:35:22'),
  (83, 8, 4, '2022-04-18 02:31:38'),
  (83, 10, 2, '2023-03-11 01:26:20'),
  (83, 17, 4, '2022-07-27 07:46:47'),
  (83, 18, 2, '2023-07-12 18:06:25'),
  (83, 19, 4, '2022-11-27 12:38:05'),
  (83, 20, 1, '2023-06-25 06:34:50'),
  (84, 3, 2, '2021-05-25 20:58:13'),
  (84, 4, 4, '2017-08-02 15:02:43'),
  (84, 6, 5, '2012-03-30 00:19:52'),
  (84, 7, 1, '2014-08-13 18:30:11'),
  (84, 8, 2, '2012-03-08 13:36:04'),
  (84, 10, 5, '2007-01-02 07:41:34'),
  (84, 11, 1, '2010-11-05 09:58:58'),
  (84, 12, 1, '2021-07-16 22:39:34'),
  (84, 13, 3, '2011-02-06 20:18:00'),
  (84, 14, 3, '2011-05-01 10:27:49'),
  (84, 16, 5, '2015-02-25 04:21:19'),
  (84, 19, 4, '2022-12-13 02:42:02'),
  (85, 2, 4, '2023-10-10 17:15:26'),
  (85, 3, 4, '2023-06-11 19:22:13'),
  (85, 4, 2, '2016-01-11 00:57:36'),
  (85, 5, 1, '2018-05-16 23:39:08'),
  (85, 6, 4, '2017-04-04 05:26:07'),
  (85, 7, 2, '2020-04-17 18:21:01'),
  (85, 8, 3, '2019-04-27 14:15:57'),
  (85, 9, 3, '2015-12-08 01:27:18'),
  (85, 10, 5, '2015-04-05 20:51:52'),
  (85, 11, 2, '2022-01-16 01:32:07'),
  (85, 12, 1, '2022-07-01 13:20:37'),
  (85, 14, 3, '2024-02-20 13:30:07'),
  (85, 15, 1, '2018-01-10 22:40:30'),
  (85, 16, 3, '2015-07-29 23:38:08'),
  (85, 17, 3, '2021-07-14 14:09:53'),
  (85, 18, 3, '2017-06-06 21:41:59'),
  (85, 19, 5, '2021-10-21 06:07:35'),
  (85, 20, 5, '2024-02-20 13:30:13'),
  (86, 4, 5, '2022-07-04 00:11:43'),
  (86, 6, 4, '2022-06-09 08:07:31'),
  (86, 8, 2, '2021-05-10 08:52:44'),
  (86, 10, 4, '2022-05-29 02:28:34'),
  (86, 11, 5, '2022-12-05 23:08:52'),
  (86, 12, 4, '2023-05-11 10:02:50'),
  (86, 13, 1, '2021-04-09 19:36:45'),
  (86, 14, 4, '2021-11-29 18:06:43'),
  (86, 18, 4, '2021-08-21 01:39:44'),
  (86, 20, 3, '2021-10-27 05:34:24'),
  (87, 2, 1, '2012-11-15 23:32:08'),
  (87, 4, 4, '2024-08-01 19:24:49'),
  (87, 5, 5, '2022-11-02 12:37:19'),
  (87, 6, 3, '2017-05-20 14:53:52'),
  (87, 8, 3, '2017-12-15 10:56:25'),
  (87, 9, 5, '2017-06-13 03:14:18'),
  (87, 10, 4, '2010-04-24 23:42:30'),
  (87, 14, 1, '2018-04-15 06:00:23'),
  (87, 15, 3, '2016-12-19 20:57:39'),
  (87, 16, 1, '2013-05-27 09:35:26'),
  (87, 17, 2, '2014-06-16 09:12:19'),
  (87, 19, 4, '2011-12-15 07:38:42'),
  (88, 2, 2, '2013-11-27 02:07:08'),
  (88, 3, 1, '2010-04-11 18:28:14'),
  (88, 4, 3, '2013-02-10 18:52:53'),
  (88, 6, 5, '2019-03-06 09:33:26'),
  (88, 8, 2, '2008-02-17 19:54:49'),
  (88, 9, 3, '2015-09-17 22:02:10'),
  (88, 11, 4, '2009-01-28 03:29:21'),
  (88, 12, 1, '2019-07-02 12:19:50'),
  (88, 14, 1, '2023-02-26 18:39:11'),
  (88, 19, 3, '2007-09-21 00:35:41'),
  (89, 6, 5, '2024-01-24 13:35:17'),
  (89, 8, 2, '2019-05-05 09:42:41'),
  (89, 9, 5, '2020-11-25 01:33:06'),
  (89, 10, 5, '2023-01-21 11:29:46'),
  (89, 11, 4, '2009-07-01 14:30:13'),
  (89, 12, 1, '2005-11-28 16:39:50'),
  (89, 13, 3, '2018-02-19 05:15:10'),
  (89, 15, 4, '2006-01-09 14:05:17'),
  (89, 16, 2, '2018-02-22 04:49:43'),
  (89, 18, 5, '2010-04-12 06:40:39'),
  (89, 19, 1, '2013-10-05 00:58:51'),
  (90, 3, 1, '2011-01-30 06:26:18'),
  (90, 4, 1, '2014-06-21 17:13:02'),
  (90, 5, 4, '2018-09-12 18:55:12'),
  (90, 6, 3, '2018-06-27 17:33:45'),
  (90, 8, 4, '2010-11-01 06:13:42'),
  (90, 12, 3, '2021-10-30 03:30:25'),
  (90, 15, 4, '2022-06-01 11:40:02'),
  (90, 16, 3, '2023-05-19 17:56:09'),
  (90, 17, 2, '2022-10-02 07:45:33'),
  (90, 18, 1, '2012-12-10 07:37:22'),
  (91, 3, 1, '2023-09-18 12:29:58'),
  (91, 13, 1, '2023-09-18 12:30:17'),
  (91, 17, 2, '2017-01-05 08:00:33'),
  (91, 19, 1, '2017-07-23 14:46:12'),
  (91, 20, 1, '2022-09-04 23:13:03'),
  (92, 9, 4, '2024-07-01 02:36:16'),
  (92, 10, 5, '2012-07-25 05:07:17'),
  (92, 11, 3, '2018-11-28 00:34:08'),
  (92, 12, 4, '2013-06-18 06:08:50'),
  (92, 13, 3, '2017-05-16 16:54:22'),
  (92, 15, 2, '2021-12-25 04:09:52'),
  (92, 16, 5, '2019-07-23 04:34:02'),
  (92, 17, 5, '2015-02-21 22:16:19'),
  (92, 18, 1, '2015-12-28 14:10:06'),
  (92, 19, 2, '2012-10-20 07:47:00'),
  (92, 20, 1, '2017-03-25 18:49:42'),
  (93, 5, 2, '2020-04-05 15:29:12'),
  (93, 6, 5, '2017-01-19 16:54:21'),
  (93, 8, 5, '2015-07-22 14:14:43'),
  (93, 9, 5, '2020-08-15 02:56:10'),
  (93, 10, 2, '2023-05-02 20:23:33'),
  (93, 11, 3, '2015-09-29 22:36:37'),
  (93, 13, 4, '2017-01-27 16:25:35'),
  (93, 14, 4, '2020-03-13 17:52:22'),
  (93, 15, 5, '2019-02-06 14:43:32'),
  (93, 16, 3, '2021-02-28 10:37:12'),
  (93, 17, 2, '2014-05-13 19:03:53'),
  (93, 18, 5, '2017-01-17 08:22:46'),
  (93, 19, 2, '2015-03-08 14:41:58'),
  (93, 20, 3, '2015-09-10 03:54:18'),
  (94, 10, 4, '2019-01-21 12:02:46'),
  (94, 11, 1, '2022-11-12 04:47:45'),
  (94, 12, 1, '2019-05-21 16:42:10'),
  (94, 13, 4, '2021-04-26 13:35:21'),
  (94, 15, 2, '2016-04-27 21:03:38'),
  (94, 16, 1, '2023-10-18 19:01:29'),
  (94, 17, 3, '2015-06-11 01:19:54'),
  (94, 18, 5, '2016-04-02 22:13:50'),
  (94, 19, 3, '2020-10-12 12:15:22'),
  (94, 20, 2, '2021-09-07 15:00:26'),
  (95, 2, 3, '2019-04-24 09:23:01'),
  (95, 3, 4, '2018-04-24 05:01:43'),
  (95, 4, 2, '2021-04-14 17:36:02'),
  (95, 5, 4, '2022-02-18 21:56:50'),
  (95, 6, 5, '2019-10-20 20:26:46'),
  (95, 7, 4, '2021-10-08 14:40:34'),
  (95, 8, 1, '2022-02-15 18:07:37'),
  (95, 9, 5, '2023-08-07 17:18:04'),
  (95, 11, 4, '2021-07-17 19:23:24'),
  (95, 16, 3, '2023-08-06 05:06:17'),
  (95, 17, 3, '2020-02-14 21:54:17'),
  (95, 18, 1, '2023-06-29 10:35:40'),
  (95, 19, 4, '2023-03-01 14:28:34'),
  (95, 20, 2, '2023-03-31 00:35:55'),
  (96, 4, 3, '2010-11-03 13:08:59'),
  (96, 5, 3, '2008-12-15 15:11:48'),
  (96, 7, 4, '2006-05-14 09:13:50'),
  (96, 9, 3, '2004-12-28 00:17:42'),
  (96, 11, 4, '2012-06-09 19:03:12'),
  (96, 12, 5, '2023-01-11 13:35:00'),
  (96, 13, 5, '2013-11-27 05:54:24'),
  (96, 14, 3, '2018-01-27 09:37:33'),
  (96, 15, 4, '2008-06-19 00:00:03'),
  (96, 16, 3, '2015-01-21 22:09:30'),
  (96, 18, 2, '2007-10-02 04:02:18'),
  (96, 20, 5, '2004-05-03 12:47:35'),
  (97, 9, 5, '2021-03-17 12:12:22'),
  (97, 11, 5, '2013-07-18 18:08:04'),
  (97, 12, 2, '2016-03-07 00:20:23'),
  (97, 13, 5, '2014-01-21 11:23:59'),
  (97, 15, 4, '2023-01-07 06:53:43'),
  (97, 16, 4, '2019-02-12 02:50:15'),
  (97, 20, 5, '2024-07-20 16:32:25'),
  (98, 10, 3, '2024-05-11 17:08:20'),
  (98, 12, 5, '2018-02-11 21:14:38'),
  (98, 13, 5, '2015-09-19 11:10:44'),
  (98, 14, 1, '2024-10-23 20:55:08'),
  (98, 16, 5, '2012-03-24 01:34:58'),
  (98, 18, 5, '2024-02-25 10:06:48'),
  (99, 3, 3, '2023-10-31 15:47:26'),
  (99, 9, 4, '2022-01-19 21:41:12'),
  (99, 10, 5, '2024-01-23 03:44:10'),
  (99, 11, 5, '2010-04-08 07:43:28'),
  (99, 14, 5, '2012-05-07 12:07:57'),
  (99, 15, 4, '2024-10-08 15:35:13'),
  (99, 16, 2, '2021-04-06 05:53:46'),
  (99, 18, 1, '2016-02-11 00:33:20'),
  (100, 3, 3, '2012-07-21 05:13:18'),
  (100, 4, 4, '2023-10-25 06:25:07'),
  (100, 5, 5, '2009-11-16 19:16:19'),
  (100, 7, 2, '2006-09-19 06:27:32'),
  (100, 9, 4, '2011-12-16 15:57:56'),
  (100, 10, 4, '2017-07-24 16:33:36'),
  (100, 12, 2, '2002-08-19 10:45:39'),
  (100, 13, 1, '2002-04-09 11:48:02'),
  (100, 15, 2, '2006-07-30 17:46:43'),
  (100, 16, 4, '2023-10-13 11:26:12'),
  (100, 17, 2, '2009-06-26 19:46:17'),
  (100, 18, 5, '2010-02-27 11:29:16'),
  (100, 19, 4, '2021-07-13 06:28:19');
UNLOCK TABLES;
--
-- Table structure for table `users`
--

DROP TABLE IF EXISTS `users`;
CREATE TABLE `users` (
  `id` bigint(20) AUTO_RANDOM,
  `balance` decimal(15, 2) DEFAULT '0.0',
  `nickname` varchar(100) COLLATE utf8mb4_unicode_ci NOT NULL,
  PRIMARY KEY (`id`),
  UNIQUE KEY `nickname` (`nickname`)
) ENGINE = InnoDB DEFAULT CHARSET = utf8mb4 COLLATE = utf8mb4_unicode_ci;
LOCK TABLES `users` WRITE;
INSERT INTO `users`
VALUES (1, 32342997.43, 'Daphne_Keeling94'),
  (2, 459142.00, 'Lysanne40'),
  (3, 935301.00, 'Shaniya75'),
  (4, 595781.00, 'Leda_Kertzmann'),
  (5, 567357.00, 'Lonny.Windler'),
  (6, 510279.00, 'Alvena51'),
  (7, 784278.00, 'Hayden_Bogan45'),
  (8, 840069.00, 'Maud_Ledner'),
  (9, 319803.00, 'Savannah75'),
  (10, 375541.00, 'Kareem.Daniel'),
  (11, 654675.00, 'Hiram.Barton86'),
  (12, 929566.00, 'Brenda67'),
  (13, 559052.00, 'Katherine.Kreiger18'),
  (14, 487247.00, 'Jermaine.Streich49'),
  (15, 350344.00, 'Misty.Turcotte37'),
  (16, 596397.00, 'Kaitlin.Abernathy'),
  (17, 232161.00, 'Colleen25'),
  (18, 331389.00, 'Harrison.Grant29'),
  (19, 422134.00, 'Leon.Stanton43'),
  (20, 977080.00, 'Lonnie.Friesen');
UNLOCK TABLES;
DROP USER IF EXISTS lib;
CREATE USER lib @'%' IDENTIFIED BY 'q1w2e3R4_';
GRANT ALL PRIVILEGES ON bookshop.* TO lib @'%';